[
  {"teethId": 0 , "label":"" , "jaw":"U", "isSelected": false, "isMixed": false, "isMissing":  false},
  {"teethId": 1 , "label":"" , "jaw":"U", "isSelected": false, "isMixed": false, "isMissing":  false},
  {"teethId": 2 , "label":"" , "jaw":"U", "isSelected": false, "isMixed": false, "isMissing":  false}, 
  {"teethId": 3 , "label":"" , "jaw":"U", "isSelected": false, "isMixed": false, "isMissing":  false},
  {"teethId": 4 , "label":"A" , "jaw":"U", "isSelected": false, "isMixed": false, "isMissing":  false},
  {"teethId": 5 , "label":"B" , "jaw":"U", "isSelected": false, "isMixed": false, "isMissing":  false},
  {"teethId": 6 , "label":"C" , "jaw":"U", "isSelected": false, "isMixed": false, "isMissing":  false},
  {"teethId": 7 , "label":"D" , "jaw":"U", "isSelected": false, "isMixed": false, "isMissing":  false},
  {"teethId": 8 , "label":"E" , "jaw":"U", "isSelected": false, "isMixed": false, "isMissing":  false},
  {"teethId": 9 , "label":"F" , "jaw":"U", "isSelected": false, "isMixed": false, "isMissing":  false},
  {"teethId": 10 , "label":"G" , "jaw":"U", "isSelected": false, "isMixed": false, "isMissing":  false},
  {"teethId": 11 , "label":"H" , "jaw":"U", "isSelected": false, "isMixed": false, "isMissing":  false},
  {"teethId": 12 , "label":"I" , "jaw":"U", "isSelected": false, "isMixed": false, "isMissing":  false},
  {"teethId": 13 , "label":"J" , "jaw":"U", "isSelected": false, "isMixed": false, "isMissing":  false},
  {"teethId": 14 , "label":"" , "jaw":"U", "isSelected": false, "isMixed": false, "isMissing":  false},
  {"teethId": 15 , "label":"" , "jaw":"U", "isSelected": false, "isMixed": false, "isMissing":  false},
  {"teethId": 16 , "label":"" , "jaw":"U", "isSelected": false, "isMixed": false, "isMissing":  false},
  {"teethId": 33 , "label":"" , "jaw":"L", "isSelected": false, "isMixed": false, "isMissing":  false},
  {"teethId": 17 , "label":"" , "jaw":"L", "isSelected": false, "isMixed": false, "isMissing":  false},
  {"teethId": 18 , "label":"" , "jaw":"L", "isSelected": false, "isMixed": false, "isMissing":  false},
  {"teethId": 19 , "label":"" , "jaw":"L", "isSelected": false, "isMixed": false, "isMissing":  false},
  {"teethId": 20 , "label":"K" , "jaw":"L", "isSelected": false, "isMixed": false, "isMissing":  false},
  {"teethId": 21 , "label":"L" , "jaw":"L", "isSelected": false, "isMixed": false, "isMissing":  false},
  {"teethId": 22 , "label":"M" , "jaw":"L", "isSelected": false, "isMixed": false, "isMissing":  false},
  {"teethId": 23 , "label":"N" , "jaw":"L", "isSelected": false, "isMixed": false, "isMissing":  false},
  {"teethId": 24 , "label":"O" , "jaw":"L", "isSelected": false, "isMixed": false, "isMissing":  false},
  {"teethId": 25 , "label":"P" , "jaw":"L", "isSelected": false, "isMixed": false, "isMissing":  false},
  {"teethId": 26 , "label":"Q" , "jaw":"L", "isSelected": false, "isMixed": false, "isMissing":  false},
  {"teethId": 27 , "label":"R" , "jaw":"L", "isSelected": false, "isMixed": false, "isMissing":  false},
  {"teethId": 28 , "label":"S" , "jaw":"L", "isSelected": false, "isMixed": false, "isMissing":  false},
  {"teethId": 29 , "label":"T" , "jaw":"L", "isSelected": false, "isMixed": false, "isMissing":  false},
  {"teethId": 30 , "label":"" , "jaw":"L", "isSelected": false, "isMixed": false, "isMissing":  false},
  {"teethId": 31 , "label":"" , "jaw":"L", "isSelected": false, "isMixed": false, "isMissing":  false},
  {"teethId": 32 , "label":"" , "jaw":"L", "isSelected": false, "isMixed": false, "isMissing":  false}
]