[
    {
        "orddate": "10/06/2017",
        "orderId": "10",
        "status": "pending",
        "orderToal": "2000",
        "totalLines": "4",
        "supplierName": "Xyz Stationaries",
        "lines": [
            {
                "orderlineId": 101,
                "productID": "123",
                "productName": "Bottle",
                "qty": "20",
                "unitPrice": "10",
                "linePrice": "200",
                "third": [
                    {
                        "productName": "Bottle",
                        "qty": "20",
                        "unitPrice": "10"
                    },
                    {
                        "productName": "Bottle",
                        "qty": "20",
                        "unitPrice": "10"
                    }
                ]
            },
            {
                "orderlineId": 102,
                "productID": "124",
                "productName": "Pen",
                "qty": "10",
                "unitPrice": "30",
                "linePrice": "300",
                "third": [
                    {
                        "productName": "Bottle",
                        "qty": "20",
                        "unitPrice": "10"
                    },
                    {
                        "productName": "Bottle",
                        "qty": "20",
                        "unitPrice": "10"
                    }
                ]
            },
            {
                "orderlineId": 103,
                "productID": "124",
                "productName": "Head Phones",
                "qty": "2",
                "unitPrice": "500",
                "linePrice": "1000",
                "third": [
                    {
                        "productName": "Bottle",
                        "qty": "20",
                        "unitPrice": "10"
                    },
                    {
                        "productName": "Bottle",
                        "qty": "20",
                        "unitPrice": "10"
                    }
                ]
            },
            {
                "orderlineId": 104,
                "productID": "125",
                "productName": "Charger",
                "qty": "5",
                "unitPrice": "100",
                "linePrice": "500",
                "third": [
                    {
                        "productName": "Bottle",
                        "qty": "20",
                        "unitPrice": "10"
                    },
                    {
                        "productName": "Bottle",
                        "qty": "20",
                        "unitPrice": "10"
                    }
                ]
            }
        ]
    },
    {
        "orddate": "10/06/2017",
        "orderId": "20",
        "status": "comfirmed",
        "orderToal": "2500",
        "totalLines": "3",
        "supplierName": "ABC Stationaries",
        "lines": [
            {
                "orderlineId": 201,
                "productID": "124",
                "productName": "Head Phones",
                "qty": "2",
                "unitPrice": "500",
                "linePrice": "1000",
                "third": [
                    {
                        "productName": "Bottle",
                        "qty": "20",
                        "unitPrice": "10"
                    },
                    {
                        "productName": "Bottle",
                        "qty": "20",
                        "unitPrice": "10"
                    }
                ]
                
            },
            {
                "orderlineId": 202,
                "productID": "125",
                "productName": "Charger",
                "qty": "15",
                "unitPrice": "100",
                "linePrice": "1500",
                "third": [
                    {
                        "productName": "Bottle",
                        "qty": "20",
                        "unitPrice": "10"
                    },
                    {
                        "productName": "Bottle",
                        "qty": "20",
                        "unitPrice": "10"
                    }
                ]
            }
        ]
    },
    {
        "orddate": "10/02/2017",
        "orderId": "30",
        "status": "pending",
        "orderToal": "2000",
        "totalLines": "4",
        "supplierName": "Henedy Stationaries",
        "lines": [
            {
                "orderlineId": 301,
                "productID": "123",
                "productName": "Bottle",
                "qty": "20",
                "unitPrice": "10",
                "linePrice": "200",
                "third": [
                    {
                        "productName": "Bottle",
                        "qty": "20",
                        "unitPrice": "10"
                    },
                    {
                        "productName": "Bottle",
                        "qty": "20",
                        "unitPrice": "10"
                    }
                ]
            },
            {
                "orderlineId": 302,
                "productID": "124",
                "productName": "Pen",
                "qty": "10",
                "unitPrice": "30",
                "linePrice": "300",
                "third": [
                    {
                        "productName": "Bottle",
                        "qty": "20",
                        "unitPrice": "10"
                    },
                    {
                        "productName": "Bottle",
                        "qty": "20",
                        "unitPrice": "10"
                    }
                ]
            },
            {
                "orderlineId": 303,
                "productID": "124",
                "productName": "Head Phones",
                "qty": "2",
                "unitPrice": "500",
                "linePrice": "1000",
                "third": [
                    {
                        "productName": "Bottle",
                        "qty": "20",
                        "unitPrice": "10"
                    },
                    {
                        "productName": "Bottle",
                        "qty": "20",
                        "unitPrice": "10"
                    }
                ]
            },
            {
                "orderlineId": 304,
                "productID": "125",
                "productName": "Charger",
                "qty": "5",
                "unitPrice": "100",
                "linePrice": "500",
                "third": [
                    {
                        "productName": "Bottle",
                        "qty": "20",
                        "unitPrice": "10"
                    },
                    {
                        "productName": "Bottle",
                        "qty": "20",
                        "unitPrice": "10"
                    }
                ]
            }
        ]
    },
    {
        "orddate": "10/02/2017",
        "orderId": "40",
        "status": "comfirmed",
        "orderToal": "2500",
        "totalLines": "3",
        "supplierName": "Hillary Stationaries",
        "lines": [
            {
                "orderlineId": 401,
                "productID": "124",
                "productName": "Head Phones",
                "qty": "2",
                "unitPrice": "500",
                "linePrice": "1000",
                "third": [
                    {
                        "productName": "Bottle",
                        "qty": "20",
                        "unitPrice": "10"
                    },
                    {
                        "productName": "Bottle",
                        "qty": "20",
                        "unitPrice": "10"
                    }
                ]
            },
            {
                "orderlineId": 402,
                "productID": "125",
                "productName": "Charger",
                "qty": "15",
                "unitPrice": "100",
                "linePrice": "1500",
                "third": [
                    {
                        "productName": "Bottle",
                        "qty": "20",
                        "unitPrice": "10"
                    },
                    {
                        "productName": "Bottle",
                        "qty": "20",
                        "unitPrice": "10"
                    }
                ]
            }
        ]
    },
    {
        "orddate": "10/03/2017",
        "orderId": "50",
        "status": "pending",
        "orderToal": "2000",
        "totalLines": "4",
        "supplierName": "John Stationaries",
        "lines": [
            {
                "orderlineId": 501,
                "productID": "123",
                "productName": "Bottle",
                "qty": "20",
                "unitPrice": "10",
                "linePrice": "200",
                "third": [
                    {
                        "productName": "Bottle",
                        "qty": "20",
                        "unitPrice": "10"
                    },
                    {
                        "productName": "Bottle",
                        "qty": "20",
                        "unitPrice": "10"
                    }
                ]

            },
            {
                "orderlineId": 502,
                "productID": "124",
                "productName": "Pen",
                "qty": "10",
                "unitPrice": "30",
                "linePrice": "300",
                "third": [
                    {
                        "productName": "Bottle",
                        "qty": "20",
                        "unitPrice": "10"
                    },
                    {
                        "productName": "Bottle",
                        "qty": "20",
                        "unitPrice": "10"
                    }
                ]
            },
            {
                "orderlineId": 503,
                "productID": "124",
                "productName": "Head Phones",
                "qty": "2",
                "unitPrice": "500",
                "linePrice": "1000",
                "third": [
                    {
                        "productName": "Bottle",
                        "qty": "20",
                        "unitPrice": "10"
                    },
                    {
                        "productName": "Bottle",
                        "qty": "20",
                        "unitPrice": "10"
                    }
                ]
            },
            {
                "orderlineId": 504,
                "productID": "125",
                "productName": "Charger",
                "qty": "5",
                "unitPrice": "100",
                "linePrice": "500",
                "third": [
                    {
                        "productName": "Bottle",
                        "qty": "20",
                        "unitPrice": "1000"
                    },
                    {
                        "productName": "Bottle",
                        "qty": "20",
                        "unitPrice": "10"
                    }
                ]
            }
        ]
    },
    {
        "orddate": "10/07/2017",
        "orderId": "60",
        "status": "comfirmed",
        "orderToal": "2500",
        "totalLines": "3",
        "supplierName": "Shorien Stationaries",
        "lines": [
            {
                "orderlineId": 601,
                "productID": "124",
                "productName": "Head Phones",
                "qty": "2",
                "unitPrice": "500",
                "linePrice": "1000",
                "third": [
                    {
                        "productName": "Bottle",
                        "qty": "20",
                        "unitPrice": "10"
                    },
                    {
                        "productName": "Bottle",
                        "qty": "20",
                        "unitPrice": "10"
                    }
                ]
            },
            {
                "orderlineId": 602,
                "productID": "125",
                "productName": "Charger",
                "qty": "15",
                "unitPrice": "100",
                "linePrice": "1500",
                "third": [
                    {
                        "productName": "Bottle",
                        "qty": "908",
                        "unitPrice": "1056"
                    },
                    {
                        "productName": "Bottle",
                        "qty": "2345",
                        "unitPrice": "1090"
                    }
                ]
            }
        ]
    }
]